,id,Category,inapp,loc,contac_r,contact_w,media_r,media_w,storage_R,storage_w,cam,ad,size_below20,size_below50,size_below100,rating_above3,rating_above4,rating_anything
0,0,0,0.0,0,0,0,1,1,1,1,0,1,1,0,0,1,0,0
1,1,0,0.0,1,0,0,1,1,1,1,0,1,1,0,0,1,1,0
2,2,0,1.0,0,1,0,1,1,1,1,0,1,0,1,0,1,1,0
3,3,0,0.0,0,0,0,1,1,1,1,1,1,1,0,0,1,1,0
4,4,0,0.0,0,0,0,1,1,1,1,0,1,1,0,0,1,0,0
5,5,0,1.0,0,0,0,1,1,1,1,0,0,0,1,0,1,1,0
6,6,0,1.0,0,0,0,1,1,1,1,0,1,0,1,0,1,1,0
7,7,0,0.0,0,0,0,1,1,1,1,0,1,1,0,0,1,1,0
8,8,0,0.0,0,0,0,1,1,1,1,0,1,0,1,0,1,1,0
9,9,0,0.0,0,0,0,1,1,1,1,0,1,1,0,0,1,1,0
10,10,0,0.0,1,0,0,1,1,1,1,0,1,1,0,0,1,1,0
11,11,0,0.0,0,1,1,1,1,1,1,0,1,0,1,0,1,1,0
12,12,0,0.0,1,0,0,1,1,1,1,0,1,0,1,0,1,1,0
13,13,0,0.0,0,0,0,1,1,1,1,0,1,1,0,0,1,1,0
14,14,0,0.0,0,0,0,0,0,0,0,0,1,1,0,0,1,1,0
15,15,0,1.0,1,1,0,1,1,1,1,0,1,0,1,0,1,1,0
16,16,0,1.0,0,0,0,1,1,1,1,0,1,0,1,0,1,1,0
17,17,0,0.0,0,0,0,1,1,1,1,0,1,1,0,0,1,1,0
18,18,0,0.0,0,0,0,1,1,1,1,0,1,1,0,0,1,1,0
19,19,0,0.0,0,0,0,1,1,1,1,0,1,1,0,0,1,1,0
20,20,0,0.0,0,0,0,1,1,1,1,0,1,1,0,0,0,0,0
21,21,0,0.0,0,0,0,1,1,1,1,0,1,1,0,0,1,1,0
22,23,0,0.0,0,0,0,1,1,1,1,0,1,0,1,0,1,1,0
23,24,0,0.0,0,0,0,1,1,1,1,0,1,1,0,0,1,1,0
24,25,0,0.0,0,0,0,1,1,1,1,0,0,1,0,0,1,1,0
25,26,0,0.0,0,0,0,0,0,0,0,0,1,1,0,0,1,1,0
26,27,0,1.0,0,0,0,1,1,1,1,0,1,1,0,0,1,1,0
27,28,0,0.0,0,0,0,0,0,0,0,0,1,1,0,0,1,1,0
28,29,0,1.0,1,0,0,1,1,1,1,1,1,0,1,0,1,1,0
29,30,0,1.0,1,0,0,1,1,1,1,0,1,1,0,0,1,1,0
30,31,0,0.0,0,0,0,1,1,1,1,1,1,1,0,0,1,1,0
31,32,0,0.0,0,0,0,1,1,1,1,0,1,1,0,0,1,1,0
32,33,0,0.0,0,0,0,1,1,1,1,1,1,1,0,0,1,1,0
33,34,0,0.0,0,0,0,1,1,1,1,0,1,1,0,0,1,1,0
34,35,0,0.0,0,0,0,1,1,1,1,0,1,1,0,0,1,1,0
35,36,0,0.0,0,0,0,0,0,0,0,0,1,1,0,0,1,1,0
36,38,1,1.0,0,0,0,1,1,1,1,0,1,1,0,0,1,1,0
37,39,1,0.0,0,1,0,1,1,1,1,0,0,1,0,0,1,1,0
38,40,1,0.0,0,1,0,1,1,1,1,0,1,0,1,0,1,1,0
39,41,1,1.0,0,0,0,1,1,1,1,0,0,0,1,0,1,1,0
40,42,1,1.0,0,0,0,1,1,1,1,0,1,0,1,0,1,1,0
41,43,1,0.0,1,0,0,0,0,0,0,0,0,1,0,0,1,1,0
42,44,1,0.0,0,0,0,0,0,0,0,0,1,1,0,0,1,1,0
43,45,1,0.0,0,0,0,0,0,0,0,0,1,1,0,0,1,1,0
44,46,1,0.0,0,0,0,1,1,1,1,0,1,0,1,0,1,1,0
45,47,1,0.0,0,0,0,0,0,0,0,0,1,1,0,0,1,1,0
46,48,1,0.0,0,0,0,1,1,1,1,0,1,1,0,0,1,1,0
47,49,1,0.0,0,1,0,1,1,1,1,0,0,0,1,0,1,0,0
48,50,1,0.0,0,0,0,1,1,1,1,0,1,1,0,0,1,1,0
49,51,1,1.0,0,0,0,1,1,1,1,0,1,1,0,0,1,1,0
50,52,1,0.0,0,0,0,1,1,1,1,0,1,1,0,0,1,1,0
51,53,1,0.0,0,0,0,0,0,0,0,0,1,1,0,0,1,1,0
52,54,1,0.0,1,0,0,1,1,1,1,0,0,1,0,0,1,1,0
53,55,1,0.0,0,0,0,1,1,1,1,0,0,0,1,0,1,1,0
54,56,1,1.0,0,0,0,1,1,1,1,0,0,0,1,0,1,1,0
55,57,1,0.0,0,0,0,1,1,1,1,0,1,1,0,0,1,1,0
56,58,1,1.0,0,1,0,1,1,1,1,0,0,0,1,0,1,1,0
57,59,1,0.0,0,0,0,1,1,1,1,0,1,1,0,0,1,1,0
58,60,1,1.0,0,1,0,1,1,1,1,0,0,0,1,0,1,1,0
59,61,1,0.0,1,0,0,1,1,1,1,1,1,0,0,1,1,1,0
60,62,1,0.0,0,1,0,1,1,1,1,1,0,1,0,0,1,0,0
61,63,1,0.0,0,0,0,1,1,1,1,0,1,1,0,0,1,1,0
62,64,1,1.0,1,0,0,1,1,1,1,0,1,1,0,0,1,1,0
63,65,1,0.0,0,0,0,1,1,1,1,0,1,1,0,0,1,1,0
64,66,1,1.0,1,0,0,1,1,1,1,0,1,1,0,0,1,0,0
65,67,1,1.0,0,1,0,1,1,1,1,0,0,0,1,0,1,1,0
66,68,1,1.0,0,1,0,1,1,1,1,0,0,1,0,0,1,1,0
67,69,1,0.0,0,0,0,1,1,1,1,0,1,1,0,0,1,1,0
68,70,1,0.0,0,0,0,0,0,0,0,0,1,1,0,0,1,1,0
69,71,1,0.0,0,0,0,0,0,0,0,0,1,1,0,0,1,1,0
70,72,1,0.0,0,1,0,1,1,1,1,0,0,0,1,0,1,0,0
71,73,1,0.0,0,0,0,1,1,1,1,0,0,0,1,0,1,1,0
72,74,2,0.0,1,1,1,1,1,1,1,1,0,0,1,0,1,1,0
73,75,2,1.0,0,1,0,1,1,1,1,0,1,0,1,0,1,1,0
74,76,2,0.0,1,1,0,0,0,0,0,1,0,1,0,0,1,0,0
75,77,2,0.0,0,0,0,0,0,0,0,0,0,1,0,0,1,1,0
76,78,2,0.0,0,0,0,1,1,1,1,0,0,0,1,0,1,1,0
77,79,2,1.0,0,0,0,1,1,1,1,0,1,0,0,1,1,1,0
78,80,2,1.0,0,1,0,1,1,1,1,0,1,1,0,0,1,1,0
79,81,2,0.0,0,0,0,1,1,1,1,0,0,0,1,0,1,0,0
80,82,2,0.0,1,0,0,1,1,1,1,1,1,1,0,0,1,0,0
81,83,2,0.0,0,0,0,1,1,1,1,1,0,0,1,0,1,1,0
82,84,2,0.0,1,1,1,1,1,1,1,1,0,1,0,0,1,1,0
83,85,2,0.0,1,1,1,1,1,1,1,1,0,0,1,0,1,1,0
84,86,2,0.0,1,0,0,1,1,1,1,1,0,1,0,0,1,1,0
85,87,2,0.0,0,1,1,1,1,1,1,0,0,1,0,0,1,1,0
86,88,2,1.0,0,0,0,1,1,1,1,1,1,0,1,0,1,1,0
87,89,2,0.0,1,1,0,1,1,1,1,1,1,1,0,0,1,1,0
88,90,2,0.0,0,0,0,1,1,1,1,1,0,1,0,0,1,1,0
89,91,2,0.0,0,0,0,1,1,1,1,1,0,1,0,0,1,1,0
90,92,2,0.0,0,1,0,1,1,1,1,0,0,0,1,0,1,1,0
91,93,2,,1,0,0,1,1,1,1,0,0,0,1,0,1,1,0
92,94,2,0.0,0,1,0,0,0,0,0,0,0,1,0,0,1,1,0
93,95,2,0.0,0,1,1,0,0,0,0,0,0,1,0,0,1,1,0
94,96,2,0.0,0,1,1,1,1,1,1,1,0,1,0,0,1,1,0
95,97,2,0.0,0,1,1,1,1,1,1,0,0,0,1,0,1,1,0
96,98,2,0.0,1,1,1,1,1,1,1,0,0,0,0,1,1,0,0
97,99,2,0.0,0,0,0,1,1,1,1,1,0,0,1,0,1,1,0
98,100,2,0.0,0,0,0,1,1,1,1,1,0,1,0,0,1,0,0
99,101,2,1.0,1,1,0,1,1,1,1,0,0,1,0,0,1,1,0
100,102,2,0.0,0,1,1,1,1,1,1,0,0,0,1,0,1,1,0
101,103,2,0.0,0,1,0,0,0,0,0,0,0,1,0,0,1,1,0
102,104,2,0.0,0,1,0,1,1,1,1,0,0,0,1,0,1,1,0
103,105,2,1.0,1,1,1,1,1,1,1,1,0,1,0,0,1,1,0
104,106,2,1.0,1,1,1,1,1,1,1,1,0,1,0,0,1,1,0
105,107,2,0.0,1,1,0,1,1,1,1,1,0,1,0,0,1,1,0
106,108,2,1.0,1,1,1,1,1,1,1,1,0,1,0,0,1,1,0
107,109,2,0.0,0,1,1,1,1,1,1,1,0,0,1,0,1,1,0
108,110,2,0.0,1,1,1,1,1,1,1,1,0,0,1,0,1,1,0
109,111,2,0.0,0,1,1,1,1,1,1,1,0,1,0,0,1,1,0
110,112,2,0.0,0,1,1,1,1,1,1,1,0,0,1,0,1,1,0
111,113,2,0.0,0,0,0,0,0,0,0,1,0,1,0,0,1,1,0
112,114,2,0.0,1,1,1,1,1,1,1,1,0,0,1,0,1,0,0
113,115,2,0.0,0,1,1,1,1,1,1,1,0,0,1,0,1,1,0
114,116,2,1.0,1,1,1,1,1,1,1,1,0,0,0,1,1,0,0
115,117,2,0.0,0,1,1,1,1,1,1,1,0,0,1,0,1,1,0
116,118,2,0.0,0,0,0,1,1,1,1,1,0,1,0,0,1,0,0
117,119,2,1.0,1,1,0,1,1,1,1,1,0,1,0,0,1,1,0
118,120,2,0.0,0,1,1,1,1,1,1,0,0,0,1,0,1,1,0
119,121,2,0.0,0,1,0,0,0,0,0,0,0,1,0,0,1,1,0
120,122,2,0.0,0,1,0,1,1,1,1,0,0,0,1,0,1,1,0
121,123,2,1.0,1,1,1,1,1,1,1,1,0,1,0,0,1,1,0
122,124,2,1.0,0,0,0,1,1,1,1,1,1,0,1,0,1,1,0
123,125,2,1.0,0,0,0,1,1,1,1,1,1,0,1,0,1,1,0
124,126,2,0.0,1,1,0,1,1,1,1,1,0,1,0,0,1,1,0
125,127,2,0.0,0,0,0,1,1,1,1,1,0,1,0,0,1,1,0
126,128,3,0.0,1,1,1,1,1,1,1,1,0,0,1,0,1,1,0
127,129,3,0.0,1,1,1,1,1,1,1,1,1,0,1,0,1,1,0
128,130,3,0.0,1,1,1,1,1,1,1,1,0,1,0,0,1,1,0
129,131,3,0.0,0,1,1,1,1,1,1,1,0,0,1,0,1,1,0
130,132,3,0.0,0,1,1,1,1,1,1,1,1,0,1,0,1,1,0
131,133,3,0.0,1,1,1,1,1,1,1,1,0,0,1,0,1,1,0
132,134,3,0.0,1,1,0,1,1,1,1,1,0,1,0,0,1,1,0
133,135,3,1.0,1,1,1,1,1,1,1,1,1,0,0,1,1,1,0
134,136,3,1.0,1,1,1,1,1,1,1,1,1,1,0,0,1,1,0
135,137,3,1.0,1,1,1,1,1,1,1,1,1,0,1,0,1,1,0
136,138,3,0.0,1,0,0,1,1,1,1,1,1,1,0,0,1,1,0
137,139,3,0.0,1,1,0,1,1,1,1,1,1,1,0,0,1,1,0
138,140,3,0.0,1,1,1,1,1,1,1,1,0,0,1,0,1,1,0
139,141,3,1.0,1,1,1,1,1,1,1,1,1,1,0,0,1,1,0
140,142,3,0.0,1,1,1,1,1,1,1,1,0,1,0,0,1,1,0
141,143,3,1.0,1,1,1,1,1,1,1,1,0,0,1,0,1,1,0
142,144,3,0.0,1,1,0,1,1,1,1,1,1,1,0,0,1,1,0
143,145,3,0.0,1,1,1,1,1,1,1,1,0,1,0,0,1,1,0
144,146,3,0.0,1,1,1,1,1,1,1,1,0,0,1,0,1,1,0
145,147,3,0.0,1,1,1,1,1,1,1,1,0,0,0,1,1,0,0
146,148,3,1.0,1,1,1,1,1,1,1,1,1,0,1,0,1,1,0
147,149,3,0.0,1,0,0,1,1,1,1,1,1,1,0,0,1,1,0
148,150,3,1.0,1,1,1,1,1,1,1,1,1,1,0,0,1,1,0
149,151,3,1.0,1,1,1,1,1,1,1,1,1,1,0,0,1,1,0
150,152,3,0.0,1,1,1,1,1,1,1,1,0,0,1,0,1,1,0
151,153,3,0.0,1,1,1,1,1,1,1,1,1,1,0,0,1,1,0
152,154,3,0.0,1,1,0,1,1,1,1,1,0,0,1,0,1,1,0
153,155,3,0.0,0,0,0,1,1,1,1,0,0,1,0,0,1,1,0
154,156,3,0.0,0,1,0,1,1,1,1,0,0,1,0,0,1,1,0
155,157,3,0.0,1,0,0,1,1,1,1,0,0,1,0,0,1,1,0
156,158,3,0.0,0,0,0,1,1,1,1,0,0,1,0,0,1,1,0
157,159,3,1.0,0,1,1,1,1,1,1,1,1,1,0,0,1,1,0
158,160,3,1.0,1,1,1,1,0,1,0,0,0,1,0,0,1,1,0
159,161,3,1.0,0,1,0,1,1,1,1,0,1,1,0,0,1,1,0
160,162,3,1.0,1,1,1,1,0,1,0,0,0,1,0,0,1,1,0
161,163,3,0.0,0,1,0,0,0,0,0,0,0,1,0,0,1,1,0
162,164,3,1.0,1,1,1,1,1,1,1,0,1,1,0,0,1,1,0
163,165,3,1.0,1,1,1,1,1,1,1,1,0,0,1,0,1,1,0
164,166,3,1.0,1,1,1,1,1,1,1,0,1,1,0,0,1,1,0
165,167,3,1.0,0,1,1,1,1,1,1,1,1,1,0,0,1,1,0
166,168,3,0.0,0,1,1,1,1,1,1,0,0,1,0,0,1,1,0
167,169,3,0.0,0,1,1,1,1,1,1,0,0,1,0,0,1,1,0
168,170,3,0.0,1,0,0,1,1,1,1,0,1,0,1,0,1,1,0
169,171,3,1.0,1,1,1,1,1,1,1,0,0,1,0,0,1,1,0
170,172,4,1.0,0,0,0,0,0,0,0,0,0,1,0,0,1,1,0
171,173,4,0.0,0,0,0,1,1,1,1,0,0,0,1,0,1,1,0
172,174,4,0.0,0,0,0,1,1,1,1,0,1,1,0,0,1,1,0
173,175,4,1.0,0,0,0,1,1,1,1,0,1,1,0,0,1,1,0
174,176,4,1.0,0,0,0,1,1,1,1,0,1,1,0,0,1,1,0
175,177,4,1.0,0,0,0,1,1,1,1,0,1,0,1,0,1,1,0
176,178,4,0.0,0,0,0,0,0,0,0,0,1,0,1,0,1,1,0
177,179,4,1.0,0,0,0,1,1,1,1,0,1,0,1,0,1,1,0
178,180,4,1.0,0,1,0,1,0,1,0,0,0,0,1,0,1,1,0
179,181,4,1.0,0,0,0,0,0,0,0,0,1,0,1,0,1,1,0
180,182,4,0.0,1,0,0,1,1,1,1,0,0,0,0,1,1,1,0
181,183,4,1.0,0,0,0,1,1,1,1,0,1,1,0,0,1,1,0
182,184,4,0.0,0,0,0,0,0,0,0,0,1,1,0,0,1,0,0
183,185,4,1.0,1,0,0,1,1,1,1,0,1,0,0,1,1,1,0
184,186,4,1.0,1,1,0,1,1,1,1,0,0,1,0,0,1,1,0
185,187,4,1.0,0,0,0,1,1,1,1,0,0,0,1,0,1,1,0
186,188,4,1.0,0,0,0,1,1,1,1,0,0,0,1,0,1,1,0
187,189,4,0.0,0,0,0,1,1,1,1,0,1,0,1,0,1,1,0
188,190,4,1.0,0,0,0,1,1,1,1,1,1,1,0,0,1,1,0
189,191,4,0.0,0,1,0,1,1,1,1,0,0,1,0,0,1,1,0
190,192,4,0.0,0,0,0,1,1,1,1,0,0,0,0,1,1,1,0
191,193,4,1.0,0,0,0,0,0,0,0,0,0,1,0,0,1,1,0
192,194,4,0.0,0,0,0,0,0,0,0,0,1,1,0,0,1,1,0
193,195,4,0.0,0,0,0,0,0,0,0,0,1,1,0,0,1,1,0
194,196,4,0.0,0,0,0,0,0,0,0,0,1,1,0,0,1,1,0
195,197,4,1.0,0,0,0,1,1,1,1,0,0,1,0,0,1,1,0
196,198,4,1.0,0,0,0,1,1,1,1,0,1,1,0,0,1,1,0
197,199,4,0.0,1,0,0,1,1,1,1,0,0,1,0,0,1,1,0
198,200,4,0.0,1,0,0,1,1,1,1,0,0,1,0,0,1,1,0
199,201,4,1.0,0,1,0,1,1,1,1,0,0,1,0,0,1,1,0
200,202,4,0.0,1,0,0,1,1,1,1,0,0,1,0,0,1,1,0
201,203,4,1.0,1,1,1,1,1,1,1,0,0,1,0,0,1,1,0
202,204,4,0.0,0,1,0,1,1,1,1,1,0,0,1,0,1,1,0
203,205,4,0.0,0,0,0,0,0,0,0,0,1,0,1,0,1,1,0
204,206,4,0.0,0,0,0,0,0,0,0,0,0,0,1,0,1,1,0
205,207,4,0.0,0,0,0,1,1,1,1,0,0,1,0,0,1,1,0
206,208,4,1.0,0,0,0,1,1,1,1,0,1,1,0,0,1,1,0
207,209,4,0.0,0,0,0,1,1,1,1,0,0,1,0,0,1,1,0
208,210,4,0.0,0,0,0,0,0,0,0,0,1,0,1,0,1,1,0
209,211,4,0.0,0,0,0,1,1,1,1,0,0,1,0,0,1,1,0
210,212,4,0.0,0,0,0,0,0,0,0,0,1,0,1,0,1,1,0
211,213,4,1.0,0,1,0,1,1,1,1,1,1,1,0,0,1,1,0
212,214,4,0.0,0,0,0,1,1,1,1,1,0,1,0,0,1,1,0
213,215,4,1.0,0,0,0,1,1,1,1,1,0,1,0,0,1,1,0
214,216,4,0.0,0,1,0,1,1,1,1,0,0,0,0,1,1,1,0
215,217,4,1.0,0,0,0,1,1,1,1,0,0,1,0,0,1,1,0
216,218,4,1.0,0,1,0,1,1,1,1,0,0,1,0,0,1,1,0
217,219,4,1.0,0,0,0,1,1,1,1,0,1,0,1,0,1,1,0
218,220,4,1.0,1,0,0,0,0,0,0,0,0,1,0,0,1,1,0
219,221,4,0.0,0,0,0,0,0,0,0,0,0,1,0,0,1,1,0
220,222,4,1.0,0,0,0,1,1,1,1,0,1,1,0,0,1,1,0
221,223,4,1.0,0,0,0,1,1,1,1,0,0,1,0,0,1,1,0
222,224,4,1.0,0,0,0,1,1,1,1,0,0,1,0,0,1,1,0
223,225,4,1.0,0,1,0,1,1,1,1,1,1,0,1,0,1,1,0
224,226,4,0.0,0,1,0,1,1,1,1,0,0,1,0,0,1,1,0
225,227,4,0.0,0,0,0,1,1,1,1,0,0,1,0,0,1,1,0
226,228,4,1.0,1,1,0,1,1,1,1,0,1,1,0,0,1,1,0
227,229,4,0.0,0,0,0,1,1,1,1,0,0,1,0,0,1,1,0
228,230,4,0.0,0,0,0,0,0,0,0,0,0,1,0,0,1,1,0
229,231,4,0.0,0,1,1,1,1,1,1,0,0,1,0,0,1,0,0
230,232,4,1.0,1,1,0,1,1,1,1,1,1,1,0,0,1,1,0
231,233,4,1.0,1,0,0,0,0,0,0,0,0,1,0,0,1,1,0
232,234,4,1.0,0,0,0,1,1,1,1,0,0,0,0,1,1,1,0
233,235,4,1.0,0,1,0,1,1,1,1,0,0,0,1,0,1,1,0
234,236,4,0.0,0,1,0,1,1,1,1,0,0,0,1,0,1,1,0
235,237,4,1.0,0,0,0,1,1,1,1,1,1,0,0,1,1,1,0
236,238,4,1.0,1,1,0,1,1,1,1,0,1,0,1,0,1,1,0
237,239,4,1.0,0,0,0,0,0,0,0,0,0,0,0,1,1,1,0
238,240,4,0.0,0,0,0,1,1,1,1,1,0,1,0,0,1,1,0
239,241,4,0.0,0,0,0,0,0,0,0,0,0,1,0,0,1,1,0
240,242,4,0.0,0,0,0,1,1,1,1,0,0,0,0,1,1,1,0
241,243,4,0.0,0,0,0,1,1,1,1,0,0,0,1,0,1,1,0
242,244,5,0.0,0,1,0,1,1,1,1,0,1,1,0,0,1,1,0
243,245,5,1.0,0,1,0,0,0,0,0,0,0,1,0,0,1,1,0
244,246,5,1.0,1,0,0,1,1,1,1,0,1,1,0,0,1,1,0
245,247,5,0.0,0,0,0,1,1,1,1,0,0,1,0,0,1,0,0
246,248,5,1.0,0,1,0,1,1,1,1,0,1,1,0,0,1,1,0
247,249,5,1.0,0,0,0,1,1,1,1,1,1,1,0,0,1,1,0
248,250,5,0.0,0,0,0,1,0,1,0,1,0,1,0,0,1,1,0
249,251,5,0.0,1,0,0,1,1,1,1,0,1,0,0,1,1,0,0
250,252,5,0.0,0,0,0,0,0,0,0,0,1,1,0,0,1,1,0
251,253,5,0.0,0,0,0,1,1,1,1,0,1,1,0,0,1,1,0
252,254,5,1.0,0,0,0,1,1,1,1,0,1,1,0,0,1,1,0
253,255,5,0.0,0,0,0,0,0,0,0,0,0,1,0,0,1,1,0
254,256,5,1.0,1,1,0,1,1,1,1,0,1,1,0,0,1,1,0
255,257,5,1.0,0,0,0,1,1,1,1,0,1,1,0,0,1,1,0
256,258,5,1.0,0,0,0,1,1,1,1,0,1,0,0,1,1,1,0
257,259,5,0.0,0,0,0,0,0,0,0,0,1,0,1,0,1,1,0
258,260,5,0.0,1,0,0,1,1,1,1,0,0,0,0,1,1,1,0
259,261,5,0.0,1,0,0,0,0,0,0,0,1,1,0,0,1,0,0
260,262,5,1.0,0,0,0,1,1,1,1,0,1,1,0,0,1,1,0
261,263,5,0.0,0,0,0,0,0,0,0,0,1,0,0,1,1,1,0
262,264,5,0.0,0,1,0,1,1,1,1,0,1,1,0,0,1,1,0
263,265,5,1.0,0,0,0,1,1,1,1,0,0,1,0,0,1,1,0
264,266,5,0.0,0,0,0,0,0,0,0,0,1,1,0,0,1,0,0
265,266,4,0.0,0,0,0,0,0,0,0,0,1,1,0,0,1,0,0
266,266,1,0.0,0,0,0,0,0,0,0,0,1,1,0,0,1,0,0
267,266,2,0.0,0,0,0,0,0,0,0,0,1,1,0,0,1,0,0
268,267,5,0.0,1,0,0,1,1,1,1,0,1,1,0,0,1,1,0
269,268,5,0.0,1,0,0,1,1,1,1,0,0,0,1,0,1,1,0
270,269,5,0.0,0,0,0,0,0,0,0,0,0,1,0,0,1,1,0
271,270,5,0.0,1,0,0,1,1,1,1,1,0,1,0,0,1,1,0
272,271,5,0.0,0,1,0,1,1,1,1,0,1,1,0,0,1,1,0
273,272,5,0.0,1,1,0,0,0,0,0,0,1,1,0,0,1,1,0
274,273,5,0.0,1,0,0,1,1,1,1,0,0,1,0,0,1,1,0
275,274,5,0.0,0,1,0,1,1,1,1,1,1,1,0,0,1,1,0
276,275,5,0.0,1,0,0,1,1,1,1,1,0,0,1,0,1,0,0
277,276,5,0.0,0,0,0,1,1,1,1,1,0,1,0,0,1,0,0
278,277,5,0.0,0,0,0,1,1,1,1,0,0,1,0,0,1,1,0
279,278,5,1.0,0,0,0,0,0,0,0,0,0,1,0,0,1,0,0
280,279,5,0.0,1,0,0,1,1,1,1,0,1,0,1,0,1,0,0
281,280,5,0.0,1,0,0,0,0,0,0,0,1,0,1,0,1,0,0
282,281,5,1.0,0,0,0,1,1,1,1,0,0,1,0,0,1,0,0
283,282,5,0.0,0,1,0,1,1,1,1,0,1,1,0,0,1,1,0
284,283,5,0.0,0,0,0,0,0,0,0,0,1,0,1,0,1,1,0
285,284,5,1.0,0,0,0,1,1,1,1,0,1,1,0,0,1,1,0
286,285,5,0.0,0,0,0,0,0,0,0,0,0,1,0,0,1,1,0
287,286,5,0.0,0,0,0,0,0,0,0,0,1,0,1,0,1,1,0
288,287,5,0.0,0,0,0,1,1,1,1,0,0,0,0,1,1,0,0
289,288,5,0.0,1,1,0,1,1,1,1,0,1,1,0,0,1,1,0
290,289,5,0.0,1,0,0,1,1,1,1,1,0,1,0,0,1,1,0
291,290,5,0.0,1,0,0,1,1,1,1,0,1,1,0,0,1,0,0
292,291,5,0.0,1,0,0,1,1,1,1,0,1,1,0,0,1,1,0
293,292,5,1.0,0,0,0,0,0,0,0,0,0,1,0,0,1,0,0
294,293,5,1.0,1,1,1,1,1,1,1,1,1,1,0,0,1,1,0
295,294,5,1.0,0,0,0,1,1,1,1,0,1,0,1,0,1,0,0
296,295,5,1.0,0,0,0,1,1,1,1,0,0,1,0,0,1,0,0
297,296,5,1.0,0,0,0,1,1,1,1,0,1,0,1,0,1,1,0
298,297,5,0.0,1,1,0,1,1,1,1,1,0,0,1,0,1,1,0
299,298,5,1.0,1,0,0,1,1,1,1,1,1,1,0,0,1,1,0
300,299,5,0.0,0,0,0,1,1,1,1,1,0,1,0,0,1,1,0
301,300,5,0.0,0,0,0,1,1,1,1,0,1,0,1,0,1,1,0
302,301,5,0.0,0,1,0,1,1,1,1,1,1,0,1,0,1,1,0
303,302,5,0.0,0,0,0,1,1,1,1,0,1,1,0,0,1,1,0
304,303,5,0.0,0,0,0,1,1,1,1,1,0,1,0,0,1,1,0
305,304,5,1.0,1,1,0,1,1,1,1,1,1,0,1,0,1,1,0
306,305,5,1.0,0,1,0,0,0,0,0,0,1,1,0,0,1,1,0
307,306,5,1.0,0,0,0,1,1,1,1,0,1,0,0,1,1,1,0
308,307,5,0.0,0,0,0,1,1,1,1,0,1,0,0,1,1,1,0
309,308,6,1.0,0,0,0,0,0,0,0,0,1,0,0,1,1,1,0
310,309,6,1.0,0,0,0,1,1,1,1,1,1,0,0,1,1,1,0
311,310,6,1.0,0,0,0,1,1,1,1,0,1,0,0,1,1,1,0
312,311,6,1.0,0,0,0,1,1,1,1,0,0,0,1,0,1,1,0
313,312,6,1.0,0,0,0,0,1,1,1,0,1,0,1,0,1,1,0
314,313,6,1.0,0,0,0,0,0,0,0,0,1,0,1,0,1,1,0
315,314,6,0.0,1,0,0,1,1,1,1,0,1,0,0,1,1,1,0
316,315,6,1.0,0,1,0,0,0,0,0,0,1,0,0,1,1,1,0
317,316,6,1.0,0,1,0,1,1,1,1,0,1,0,1,0,1,1,0
318,317,6,1.0,0,0,0,0,0,0,0,0,1,0,1,0,1,1,0
319,318,6,1.0,0,0,0,0,0,0,0,0,0,1,0,0,1,1,0
320,319,6,0.0,0,0,0,0,0,0,0,0,1,0,1,0,1,1,0
321,320,6,1.0,0,0,0,1,1,1,1,0,0,0,0,1,1,1,0
322,321,6,1.0,0,0,0,0,0,0,0,0,1,0,0,1,1,1,0
323,322,6,0.0,0,0,0,0,0,0,0,0,1,0,0,1,1,1,0
324,323,6,1.0,0,0,0,0,0,0,0,0,1,0,1,0,1,1,0
325,324,6,1.0,0,0,0,0,0,0,0,0,1,0,0,1,1,1,0
326,325,6,1.0,0,0,0,1,1,1,1,0,1,1,0,0,1,1,0
327,326,6,1.0,0,0,0,0,0,0,0,0,0,0,1,0,1,1,0
328,327,6,1.0,0,0,0,1,1,1,1,0,1,1,0,0,1,1,0
329,328,6,1.0,0,1,0,1,1,1,1,0,1,0,0,1,1,1,0
330,329,6,1.0,0,0,0,1,1,1,1,0,1,0,0,1,1,1,0
331,330,6,1.0,0,0,0,1,1,1,1,0,1,1,0,0,1,1,0
332,331,6,1.0,0,0,0,0,1,1,1,0,1,0,0,1,1,1,0
333,332,6,1.0,0,0,0,0,0,0,0,0,1,0,0,1,1,1,0
334,333,6,1.0,1,1,0,1,1,1,1,0,1,1,0,0,1,1,0
335,334,6,1.0,0,0,0,1,1,1,1,0,1,0,1,0,1,0,0
336,335,6,1.0,0,0,0,1,1,1,1,0,1,0,0,1,1,1,0
337,336,6,1.0,0,0,0,0,0,0,0,0,1,0,0,1,1,1,0
338,337,6,1.0,0,0,0,1,1,1,1,0,1,0,0,1,1,1,0
339,338,6,1.0,0,0,0,0,0,0,0,0,0,0,1,0,1,1,0
340,339,6,0.0,0,0,0,1,1,1,1,0,1,0,0,1,1,1,0
341,340,6,1.0,0,0,0,1,1,1,1,0,1,0,0,1,1,1,0
342,341,6,1.0,1,0,0,1,1,1,1,0,1,0,0,1,1,1,0
343,342,6,0.0,0,0,0,0,0,1,1,0,1,0,0,1,1,1,0
344,343,6,1.0,0,1,0,0,0,0,0,0,1,0,0,1,1,1,0
345,344,6,1.0,0,0,0,1,1,1,1,0,0,0,0,1,1,1,0
346,345,6,1.0,0,0,0,0,0,0,0,0,0,0,0,1,1,1,0
347,346,6,1.0,0,0,0,1,1,1,1,0,1,0,1,0,1,1,0
348,347,6,1.0,0,0,0,1,1,1,1,0,1,0,0,1,1,1,0
349,348,6,1.0,0,0,0,0,0,0,0,0,0,0,0,1,1,1,0
350,349,6,1.0,0,0,0,0,0,0,0,0,1,0,0,1,1,1,0
351,350,6,1.0,0,0,0,1,1,1,1,0,0,0,0,1,1,1,0
352,351,6,1.0,0,0,0,0,0,0,0,0,0,0,0,1,1,1,0
353,352,6,1.0,0,0,0,1,1,1,1,0,1,0,0,1,1,1,0
354,353,6,1.0,0,0,0,1,1,1,1,0,0,0,0,1,1,1,0
355,354,6,0.0,1,0,0,1,1,1,1,0,1,1,0,0,1,1,0
356,355,6,1.0,0,0,0,1,1,1,1,0,0,0,0,1,1,1,0
357,356,6,1.0,0,0,0,1,1,1,1,0,1,0,0,1,1,1,0
358,357,6,1.0,0,0,0,1,1,1,1,0,1,1,0,0,1,1,0
359,358,6,1.0,0,0,0,1,1,1,1,0,1,0,0,1,1,1,0
360,359,6,1.0,1,1,0,1,1,1,1,0,1,0,1,0,1,1,0
361,360,6,1.0,1,1,0,1,1,1,1,0,1,0,0,1,1,1,0
362,361,6,1.0,0,0,0,1,1,1,1,0,1,0,1,0,1,1,0
